{"featset": "F3", "n_test": 5879, "base_acc": 0.5715257696887226, "models": {"lgbm_s": 0.5881952713046437, "lgbm_d": 0.5844531382888246, "histgb": 0.5875148834835856, "rf": 0.5978907977547202, "logreg": 0.573737030107161}}