{"featset": "F2", "n_test": 5879, "base_acc": 0.5715257696887226, "models": {"lgbm_s": 0.5825820717809151, "lgbm_d": 0.5742473209729546, "histgb": 0.5784997448545671, "rf": 0.5949991495152237, "logreg": 0.5698248001360776}}