{"featset": "F1", "n_test": 5879, "base_acc": 0.5715257696887226, "models": {"lgbm_s": 0.5864943017519987, "lgbm_d": 0.5711855757781936, "histgb": 0.573737030107161, "rf": 0.5859840108862051, "logreg": 0.5614900493281171}}