{"featset": "F4", "n_test": 5879, "base_acc": 0.5715257696887226, "models": {"lgbm_s": 0.6181323354311958, "lgbm_d": 0.5880251743493792, "histgb": 0.6002721551284232, "rf": 0.5977207007994557, "logreg": 0.5864943017519987}}